<?xml version="1.0" encoding="utf-8" standalone="yes"?>
<avsources>
	<avsource>
		<name>AV Source1 - Localhost</name>
		<application>xterm -display :0 -T clientA -e /home/tshepherd/.xbmc/addons/plugin.program.multiroomaudio/resources/./source1</application>
		<args></args>
		<streamsrc>udp://@224.1.1.152:1152 --fullscreen</streamsrc>
		<avclientpath></avclientpath>
		<avclientext></avclientext>
		<srcA>source1</srcA>
		<srcB>source1data</srcB>
		<thumb></thumb>
		<srctype>client</srctype>
		<wait>true</wait>
		<avclients>
		</avclients>
	</avsource>
</avsources>
