<?xml version="1.0" encoding="utf-8" standalone="yes"?>
<window id="3000">
        <defaultcontrol>120</defaultcontrol>
        <controls>
                <control type="image">
                        <description>background image</description>
                        <posx>0</posx>
                        <posy>0</posy>
                        <width>720</width>
                        <height>576</height>
                        <texture>background.png</texture>
                </control>
                <control type="image">
                        <description>Multiroom Audio</description>
                        <posx>5</posx>
                        <posy>0</posy>
			<width>90</width>
			<height>110</height>
			<texture>xbmc-pbx-addon.png</texture>
                </control>
                <control type="radiobutton" id="110">
                        <description></description>
                        <posx>200</posx>
                        <posy>40</posy>
			<width>150</width>
                        <align>left</align>
                        <!--<label>$LOCALIZE[30102]</label>-->
                        <font>special12</font>
			<onleft>112</onleft>
			<onright>111</onright>
			<ondown>113</ondown>
			<onclick>SetProperty(show_info,cdr)</onclick>
			<selected>stringcompare(Window.Property(show_info),cdr) | Control.IsVisible(120)</selected>
                </control>
                <control type="radiobutton" id="111">
                        <description></description>
                        <posx>370</posx>
                        <posy>40</posy>
			<width>150</width>
                        <align>left</align>
                        <!--<label>$LOCALIZE[30103]</label>-->
                        <font>special12</font>
			<onleft>110</onleft>
			<onright>112</onright>
			<ondown>113</ondown>
			<onclick>SetProperty(show_info,vm)</onclick>
			<selected>stringcompare(Window.Property(show_info),vm) | Control.IsVisible(121)</selected>
                </control>
                <control type="button" id="112">
                        <description>Settings button</description>
                        <posx>550</posx>
                        <posy>40</posy>
			<width>100</width>
                        <align>left</align>
                        <!--<label>$LOCALIZE[30109]</label>-->
                        <font>special12</font>
			<onleft>111</onleft>
			<onright>110</onright>
			<ondown>113</ondown>
                </control>
                <control type="image" id="0">
                        <description>contentpanel slice</description>
                        <posx>0</posx>
                        <posy>88</posy>
                        <width>720</width>
                        <height>480</height>
                        <texture>ContentPanel.png</texture>
                </control>
	        <control type="group">
                        <posx>690</posx>
                        <posy>100</posy>
                        <control type="scrollbar" id="190">
                                <description>Scrollbar</description>
                                <posx>0</posx>
                                <posy>30</posy>
                                <width>20</width>
                                <height>430</height>
                                <texturesliderbackground border="0,14,0,14">ScrollBarV.png</texturesliderbackground>
                                <texturesliderbar border="0,14,0,14">ScrollBarV_bar.png</texturesliderbar>
                                <texturesliderbarfocus border="0,14,0,14">ScrollBarV_bar_Focus.png</texturesliderbarfocus>
                                <textureslidernib>ScrollBarV_Nib.png</textureslidernib>
                                <textureslidernibfocus>ScrollBarV_Nib_Focus.png</textureslidernibfocus>
                                <onleft>113</onleft>
                                <onright>113</onright>
                                <showonepage>false</showonepage>
                                <orientation>vertical</orientation>
				<visible>Control.IsVisible(113)</visible>
                        </control>
                </control>
	</controls>
</window>
